ToppID,Trip,Cluster,Geographic_location,Cluster_name,Seal_ID,Age_years,Ax_Girth_cm,Curve_Length_cm,Standard_Length_cm,Recover_Mass_kg,RecoveryMassEstimated,d13C,d15N,BloodHg_ug_g_ww,MuscleHg_ug_g_dw,MedianDistToContinentalShelf_km,Maximum_Latitude_DegN,Percent_Time_In_California_Current_Ecoregion,Percent_Benthic_Dives,MedianDayDiveDepth_m,MedianNightDiveDepth_m,Day90thPercentileDiveDepth_m,Night90thPercentileDiveDepth_m,DiveIndex
2010067,Long,2,Southern,Shallower offshore,O80,12,198,295,264,510,0,-19.3,14.96,0.487,NA,1311.1,44.5,0.118,0.024,650,505,741,640,0.122
2010068,Long,2,Southern,Shallower offshore,1595,9,211,300,277,524,0,-19.53,14.08,0.372,NA,924.1,46.1,0.1,0.016,658,452,929,578,0.103
2010069,Long,1,Northern,Northerly,T269,5,206,297,277,573,1,-18.81,15.24,0.36,4.844,147.2,56,0.332,0.106,583,529,733,695,0.279
2010071,Long,2,Southern,Shallower offshore,R55,11,206,307,280,559,0,-19.25,15.21,0.346,5.596,1211.3,45.9,0.124,0.069,665,485,839,664,0.128
2010073,Long,3,Southern,Deeper offshore,O651,13,188,307,282,473,0,-19.05,16.38,0.384,NA,689,46.1,0.17,0.017,655,499,787,670,0.145
2010075,Long,1,Northern,Northerly,R999,10,201,295,273,496,0,-19.49,14.4,0.332,2.715,762.4,53.1,0.203,0.069,619,491,695,619,0.15
2011002,Short,2,Southern,Shallower offshore,T28,6,179,277,261,410,0,-19.48,14.37,0.433,4.925,749,44.4,0.364,0.021,667,592,759,646,0.156
2011003,Short,1,Northern,Northerly,1809,9,186,286,270,405,0,-19.71,13.35,0.364,2.586,60.4,55.9,0.517,0.065,601,538,697,639,0.321
2011004,Short,2,Southern,Shallower offshore,T920,5,181,258,237,342,0,-19.32,14.76,0.36,5.342,1261.6,43,0.225,0.043,652,488,708,578,0.117
2011005,Short,2,Southern,Shallower offshore,3224,6,183,280,250,370,0,-19.45,14.88,0.466,5.422,977.7,44.9,0.313,0.012,685,543,799,651,0.149
2011007,Short,2,Southern,Shallower offshore,1712,9,188,297,279,419,0,-19.34,14.69,0.478,NA,1052,41.1,0.284,0.026,676,485,794,594,0.119
2011008,Short,2,Southern,Shallower offshore,T19,6,181,283,267,390,0,-19.53,14.54,0.431,5.837,1268,41.7,0.248,0.022,663,492,781,584,0.131
2011010,Short,3,Southern,Deeper offshore,T923,5,175,269,242,343,0,-19.26,15.75,0.381,6.386,986.2,44.7,0.296,0.019,697,566,847,652,0.156
2011012,Short,1,Northern,Northerly,1244,8,192,287,266,445,0,-18.73,16.19,0.314,4.104,111.7,43.1,1,0.107,596,577,718,650,0.23
2011013,Short,1,Northern,Northerly,2028,8,194,299,283,462,0,-19.35,14.34,0.456,7.108,159.9,55,0.676,0.037,583,525,667,597,0.202
2011014,Short,2,Southern,Shallower offshore,T220,6,182,289,265,423,0,-19.47,14.45,0.371,5.921,1255.6,43.3,0.243,0.012,704,515,886,682,0.135
2011015,Short,2,Southern,Shallower offshore,3588,5,179,262,253,367,0,-19.45,15.04,0.44,4.322,873.5,45.1,0.344,0.015,721,529,805,645,0.147
2011016,Short,2,Southern,Shallower offshore,T911,5,179,272,258,371,0,-19.67,13.88,0.396,5.537,746.4,47.2,0.39,0.05,641,585,793,719,0.159
2011017,Short,1,Northern,Northerly,M778,9,194,293,278,466,0,-19.46,14.81,0.317,5.306,254.4,53.5,0.558,0.018,638,545,720,608,0.188
2011020,Short,3,Southern,Deeper offshore,1015,10,182,279,266,389,0,-19.22,16.16,0.469,3.146,826.2,42.9,0.374,0.008,654,554,833,614,0.147
2011021,Short,1,Northern,Northerly,1885,9,195,301,274,511,0,-19.14,14.96,0.431,6.052,56.3,56.9,0.492,0.079,599,496,1061,691,0.296
2011024,Long,3,Southern,Deeper offshore,T167,6,182,275,267,440,0,-18.9,16.32,0.519,5.767,1007.1,42,0.159,0.08,696,520,780,681,0.177
2011025,Long,1,Northern,Northerly,1326,8,190,294,274,469,0,-19.37,15.04,0.23,4.057,510.8,58.2,0.301,0.023,627,490,709,604,0.156
2011030,Long,2,Southern,Shallower offshore,3874,5,178,287,262,441,0,-19.38,15.57,0.328,5.022,576.4,48.1,0.187,0.026,645,522,714,646,0.153
2011031,Long,1,Northern,Northerly,3249,6,201,272,253,409,0,-18.83,16.35,0.333,5.194,103.7,47,1,0.029,592,532,641,655,0.216
2011032,Long,1,Northern,Northerly,T730,5,176,277,255,393,0,-18.81,16.42,0.339,5.629,127.7,49,1,0.044,606,511,681,650,0.213
2011034,Long,1,Northern,Northerly,2036,8,213,299,280,571,0,-19.47,14.59,0.418,3.937,47.1,54.9,0.235,0.103,594,478,739,735,0.297
2011035,Long,2,Southern,Shallower offshore,T313,6,186,286,271,465,0,-19.52,14.14,0.416,6.618,870.8,47.6,0.126,0.049,760,494,921,740,0.131
2011036,Long,2,Southern,Shallower offshore,T891,5,195,283,263,461,0,-19.87,13.41,0.295,2.87,470.9,54.2,0.129,0.077,607,479,889,690,0.114
2011037,Long,2,Southern,Shallower offshore,1775,9,196,286,265,499,0,-19.6,13.81,0.431,6.191,832.5,46.1,0.12,0.033,656,480,862,592,0.123
2011038,Long,2,Southern,Shallower offshore,3373,6,193,290,264,446,0,-19.47,14.45,0.468,6.563,926.5,46.8,0.301,0.041,667,506,845,668,0.124
2011039,Long,2,Southern,Shallower offshore,U634,4,195,281,256,461,0,-19.9,13.37,0.318,4.432,652.6,51.5,0.122,0.024,601,490,832,687,0.119
2011040,Long,2,Southern,Shallower offshore,U259,4,192,285,259,457,0,-19.53,14.54,0.358,2.777,953.8,47.1,0.217,0.038,672,477,910,656,0.126
2011043,Long,2,Southern,Shallower offshore,T35,6,202,291,273,508,0,-19.45,13.59,0.55,8.261,851.4,45.6,0.103,0.02,666,477,829,641,0.107
2012001,Short,3,Southern,Deeper offshore,U641,5,180,282,266,409,0,-18.85,16.84,0.528,6.861,1203.7,37.9,0.232,0.028,738,613,807,719,0.142
2012002,Short,2,Southern,Shallower offshore,T750,6,187,293,279,431,0,-19.58,13.98,0.569,6.924,1005.3,46,0.305,0.018,685,559,889,805,0.149
2012003,Short,2,Southern,Shallower offshore,U479,5,181,270,256,401,0,-19.59,14.46,0.461,5.757,836.3,45.5,0.351,0.037,670,545,852,638,0.155
2012004,Short,2,Southern,Shallower offshore,VX358,6,198,287,265,423,0,-19.61,14.47,0.395,6.687,751.5,46.9,0.38,0.035,651,567,841,744,0.151
2012005,Short,3,Southern,Deeper offshore,R382,12,190,308,289,445,0,-19.42,14.07,0.639,7.238,948,44.8,0.284,0.029,679,572,960,965,0.168
2012006,Short,3,Southern,Deeper offshore,U954,5,166,263,242,334,0,-19.02,16.73,0.605,8.799,831.8,39,0.319,0.04,723,595,803,683,0.163
2012008,Short,1,Northern,Northerly,U604,5,200,282,256,462,0,-19.32,14.37,0.409,5.863,299.5,42.7,1,0.057,635,533,745,618,0.176
2012009,Short,2,Southern,Shallower offshore,U605,5,177,256,247,339,0,-19.49,14.41,0.547,6.042,650.5,44.8,0.457,0.042,654,464,805,769,0.184
2012010,Short,3,Southern,Deeper offshore,2024,9,186,278,257,390,0,-19.03,16.46,0.584,NA,1059.9,38,0.248,0.023,734,603,799,703,0.132
2012011,Short,1,Northern,Northerly,U444,5,183,279,260,368,0,-19.49,14.62,0.306,NA,280.4,49.6,0.779,0.016,591,537,673,593,0.201
2012012,Short,1,Northern,Northerly,U627,5,179,273,252,386,0,-19.72,13.97,0.267,4.001,265.7,54.9,0.465,0.02,584,515,725,630,0.212
2012013,Short,3,Southern,Deeper offshore,WX467,11,178,267,271,401,0,-19.24,15.73,0.635,7.937,829,46.8,0.226,0.063,726,589,826,746,0.154
2012014,Short,1,Northern,Northerly,U239,5,189,278,260,401,0,-19.25,15.67,0.458,6.954,425,47.2,0.578,0.026,631,563,727,616,0.207
2012015,Short,1,Northern,Northerly,U155,4,194,283,258,442,0,-19.91,13.15,0.201,3.732,226,50.2,0.994,0.13,626,564,695,618,0.305
2012016,Short,2,Southern,Shallower offshore,U849,5,165,266,258,324,1,-19.43,14.68,0.547,7.519,1097,45.7,0.225,0.04,682,543,863,672,0.128
2012017,Short,1,Northern,Northerly,U20,4,182,272,264,345,0,-19.86,13.84,0.372,3.94,612,47.9,0.469,0.022,486,479,679,574,0.127
2012018,Short,1,Northern,Northerly,U142,4,187,272,256,401,0,-19.91,13.63,0.274,4.544,443.3,50.4,0.497,0.049,616,551,696,610,0.213
2012019,Short,1,Northern,Northerly,U756,5,185,273,255,366,0,-19.61,14.1,0.31,4.936,582.5,51.8,0.421,0.031,582,502,663,575,0.144
2012020,Short,2,Southern,Shallower offshore,T693,5,179,280,261,392,1,-19.87,13.51,0.35,3.94,869.8,48,0.309,0.026,652,557,763,623,0.146
2012032,Long,2,Southern,Shallower offshore,WX311,11,216,300,282,555,0,-19.56,14.25,0.33,4.486,1112.3,44.8,0.106,0.03,668,475,938,656,0.124
2012033,Long,1,Northern,Northerly,T42,7,188,276,264,470,0,-19.51,15.29,0.252,3.359,570.3,48.3,0.398,0.055,619,470,713,578,0.149
2012035,Long,1,Northern,Northerly,3243,7,190,281,255,428,0,-18.89,15.9,0.368,4.518,475.2,45.7,0.526,0.038,475,496,728,683,0.13
2012037,Long,2,Southern,Shallower offshore,U754,5,219,287,272,484,0,-19.82,14.77,0.307,4.527,1188,43.3,0.121,0.024,645,510,696,652,0.115
2012038,Long,1,Northern,Northerly,U203,5,204,300,284,518,0,-19.6,13.99,0.21,2.556,186,58.6,0.493,0.063,539,459,682,629,0.187
2012041,Long,2,Southern,Shallower offshore,U458,5,185,279,252,422,0,-19.56,14.33,0.327,4.593,897.5,47,0.225,0.058,648,475,856,711,0.121
2012044,Long,2,Southern,Shallower offshore,U888,5,202,285,253,477,0,-19.93,14.28,0.328,5.668,1047.8,47.7,0.153,0.039,671,479,860,756,0.132
2012045,Long,1,Northern,Northerly,X258,4,210,282,268,484,0,-20.06,13.45,0.18,1.904,301.7,59.2,0.173,0.045,544,461,661,627,0.154
2012047,Long,2,Southern,Shallower offshore,WX540,11,200,287,274,475,0,-19.56,14.27,0.342,5.032,1204.3,45.2,0.09,0.028,649,485,790,604,0.107
2012048,Long,2,Southern,Shallower offshore,U274,5,188,295,266,494,0,-19.45,14.75,0.304,4.171,1132.4,45.9,0.118,0.028,658,510,731,682,0.122
2012049,Long,1,Northern,Northerly,U398,5,202,281,252,465,0,-19.76,13.68,0.262,3.761,253.9,58.7,0.18,0.173,548,440,665,626,0.355
2012050,Long,2,Southern,Shallower offshore,Y1074,5,178,279,272,401,0,-19.68,13.76,0.218,5.136,1047.1,48.4,0.19,0.032,657,470,777,629,0.118
2013005,Short,3,Southern,Deeper offshore,U848,6,187,286,277,433,0,-19.44,14.48,0.648,8.752,981.4,46.8,0.313,0.023,723,606,855,788,0.153
2013006,Short,1,Northern,Northerly,1317,10,180,303,289,435,0,-19.3,15.33,0.467,6.455,427.6,46.4,0.764,0.046,632,509,698,614,0.197
2013008,Short,1,Northern,Northerly,X334,5,169,277,267,361,1,-19.88,13.65,0.261,4.187,135.6,50.1,1,0.044,600,536,740,646,0.225
2013009,Short,2,Southern,Shallower offshore,T379,8,190,275,266,430,0,-19.65,13.77,0.504,6.453,1191.7,45.4,0.265,0.025,637,591,837,773,0.143
2013010,Short,2,Southern,Shallower offshore,O18129,9,190,288,265,464,0,-19.67,14.17,0.451,6.168,1006.8,45.5,0.287,0.027,685,589,851,772,0.235
2013011,Short,1,Northern,Northerly,U256,6,190,289,276,429,0,-19.12,14.71,0.556,8.04,276.4,53.8,0.654,0.058,588,529,658,638,0.199
2013016,Short,2,Southern,Shallower offshore,4534,4,178,277,254,364,0,-19.72,14.62,0.319,4.173,742.9,46.8,0.412,0.032,675,518,795,621,0.171
2013017,Short,1,Northern,Northerly,2161,10,197,306,293,450,0,-19.2,15.42,0.339,4.234,220.6,44.8,1,0.065,598,528,653,578,0.193
2013018,Short,2,Southern,Shallower offshore,X349,5,165,285,257,366,0,-19.51,14.17,0.439,6.029,984,45.5,0.322,0.024,637,581,806,640,0.155
2013019,Short,2,Southern,Shallower offshore,S126,13,191,299,279,459,0,-19.64,13.72,0.528,10.147,1063.7,44.7,0.301,0.034,633,579,702,645,0.139
2013021,Short,1,Northern,Northerly,VX518,4,177,279,262,395,0,-19.21,14.66,0.43,NA,22.1,50.8,0.963,0.174,613,554,744,715,0.487
2013022,Short,1,Northern,Northerly,U481,6,178,266,252,357,0,-19.76,14.02,0.214,3.039,205.2,53.3,0.741,0.047,590,538,684,612,0.215