offspring_rattleprob,parent_midpoint,squirrel_id,Year
0.461538462,0.5,11896,2011
0.666666667,0.833333333,12620,2011
0,0,12664,2011
0.25,1,11976,2011
0.230769231,0.333333333,12190,2013
0.692307692,0.583333333,12364,2013
0.2,0,12513,2013
0.333333333,0.291666667,13179,2013
0.3125,0.555555556,12825,2013
0.5,0.166666667,11775,2013
0.714285714,0.741666667,12165,2013
0.875,0.491666667,12363,2013
0.3,0,12305,2013
0.25,0.75,11976,2013
0.777777778,0.4,12236,2013
0.75,0,12445,2013
0.142857143,0.483333333,19257,2013
0.545454545,0.465811966,13112,2013
0.857142857,0.75,10037,2013
0.125,0.166666667,13048,2013
0.75,0.416666667,13039,2013
0.25,0.708333333,13535,2013
0.25,0.380952381,13385,2013
0.416666667,0,10995,2012
0.357142857,0.181818182,11220,2012
0.5,1,11619,2012
0.210526316,0.058823529,11775,2012
0.5,0.4375,11896,2012
0.5,0.229166667,12422,2012
0.384615385,0.229166667,12423,2012
0.117647059,0,12513,2012
0.375,1,12620,2012
0.529411765,0.714285714,12703,2012
0.357142857,0.117647059,12876,2012
0.6,0.59375,13112,2012
0.4,1,13179,2012
0.238095238,1,11976,2012
0.1875,0.5,13134,2014
0.4,0.666666667,11976,2014
0.5,0.083333333,19583,2014
0.142857143,0.666666667,19706,2014
0.5,0.666666667,13179,2014
0.5,0.25,19742,2014
0.333333333,0.45625,19537,2014
0.125,0,11002,2014
0.230769231,0.666666667,12003,2014
0.2,0,11953,2014
0.428571429,0.376470588,19815,2014
0.416666667,0,19702,2014
0.470588235,0.333333333,13438,2014
0,0,11722,2014
0.142857143,0.375,12210,2014
0.5,0,19840,2014
0.416666667,0.5,13288,2014
0.75,0.875,20537,2015
1,0.5,11020,2015
0.714285714,1,20858,2015
0.8,0.916666667,19764,2015
1,0.75,20632,2015
0.6,0.266666667,20504,2015
0.2,1,19561,2015
0.75,0.916666667,20920,2015
0.714285714,1,20634,2015
0.8,0.483333333,19649,2015
1,1,19719,2015
1,0.916666667,19766,2015
0.8,0.777777778,21294,2015
0.8,1,20628,2015
0.666666667,1,21022,2015
0.571428571,1,20729,2015
1,1,21060,2015
0.333333333,0.285714286,20060,2015
1,1,19742,2015
0.571428571,0.5,19537,2015
1,0.75,20235,2015
0.75,0.666666667,19846,2015
1,0.833333333,13438,2015
0.5,0.75,19706,2015
0.8,0.625,19583,2015
1,1,19740,2015
0.833333333,0.785714286,21004,2015
1,0.75,13385,2015
1,0.520833333,21058,2015
1,1,21273,2015
1,1,19862,2015
0.666666667,0.333333333,12003,2015
1,1,12236,2015
0.666666667,0.5,13466,2017
0.388888889,0.416666667,19766,2017
0.5625,0.444444444,21155,2017
0.714285714,0.666666667,20778,2017
0.833333333,0.555555556,22296,2017
0.888888889,0.555555556,22297,2017
0.384615385,0.5,21269,2017
0.833333333,0.666666667,20866,2017
0.5,0.666666667,20077,2017
0.625,0.607142857,20734,2017
0.857142857,0,20570,2017
0.363636364,0.666666667,20920,2017
0.5,0.416666667,19764,2017
0.875,0.666666667,20919,2017
0.625,0.555555556,20504,2017
0.375,0.5,12003,2017
0.75,0.75,20950,2017
0,0.5,19740,2017
0.5,0,13385,2017
0.444444444,0.15,13438,2017
1,0.75,20353,2017
1,0.4,20942,2017
1,0,20235,2017
0.2,0.388888889,20944,2017
1,0.388888889,20945,2017
0.142857143,0.666666667,21046,2017
0.8,0.5,21247,2017
0.6,0.357142857,22373,2017
0.533333333,0.285714286,19583,2017
0.555555556,1,21031,2017
0,0.666666667,19706,2017
0.25,0.4,20939,2017
0.5,0.4,20941,2017
0.285714286,0.333333333,21007,2018
0.090909091,0.333333333,19766,2018
0.571428571,0.615384615,22994,2018
0.6,0.307692308,20804,2018
0.615384615,0.111111111,22297,2018
0.181818182,0.333333333,19764,2018
0.7,0.111111111,22296,2018
0.714285714,0.25,21247,2018
0.142857143,0.111111111,22274,2018
0.166666667,0,22640,2018
0.357142857,0.25,23027,2018
0.571428571,0,22657,2018
0.545454545,0.230769231,22759,2018
0.428571429,0.25,22373,2018
0.75,0.1,20945,2018
0.666666667,0.666666667,21031,2018
0.111111111,0,22652,2019
0,0,23565,2019
0,0.285714286,24451,2020
0.333333333,0.2,22891,2020
0.75,0.3,24583,2020
0.571428571,0.333333333,24338,2020
0.5,0.333333333,24638,2020
0.333333333,0.2,24578,2020
0,0.333333333,24318,2020
0.142857143,0,24269,2020
0.4,0.4,10212,2009
0.166666667,0.25,10318,2009
0,0,10461,2010
0,0,11150,2010
0,0,11201,2010
0.5,0.5,11201,2011
0.25,0,11266,2011
0.333333333,0,11841,2011
0,0.166666667,12875,2011
0,0.4,12705,2013
0.4,0.416666667,12422,2013
0.545454545,0.4,12303,2013
0.545454545,0.5,13012,2013
0.444444444,0.153846154,11896,2013
0.666666667,0.833333333,11619,2013
0.5,0.416666667,12423,2013
0.375,0.285714286,13499,2013
0.714285714,0.833333333,12012,2013
0,0,12305,2012
0.166666667,0.5,12626,2012
0.75,0.181818182,13009,2012
0.2,0.229166667,13185,2012
0.1,0.071428571,11722,2012
0,0.333333333,12524,2012
0.5,0.333333333,12526,2012
0.444444444,0.5,12973,2012
0.5,0.333333333,13131,2012
0.333333333,0.541666667,13385,2014
0.6,0.166666667,19832,2014
0,0.404761905,12165,2014
1,0,11952,2014
0.625,0.333333333,12973,2014
0.333333333,0.375,19611,2014
0.090909091,0.666666667,12190,2014
0.5,0.2,11220,2014
0.428571429,0.428571429,19649,2014
0.083333333,0.125,13305,2014
0.166666667,0.255555556,19718,2014
0.333333333,0.7,19719,2014
0.333333333,0.159663866,19564,2014
0,1,19561,2014
0.2,0.5,19766,2014
0.333333333,0.5,19721,2014
0.333333333,0.090909091,12825,2014
0,0.588235294,19565,2014
0.4,0.090909091,12423,2014
0.7,0.8,13179,2015
1,0.55,20570,2015
0.333333333,0.333333333,20687,2015
1,1,20862,2015
1,0.666666667,19815,2015
0.25,1,20864,2015
0.5,1,20859,2015
1,0.571428571,20798,2015
1,1,20883,2015
1,0.833333333,20942,2015
1,1,13466,2015
1,0.5,20945,2015
0.8,0.928571429,20352,2015
0.5,1,19809,2015
0.4,0.9,20918,2015
1,0.69047619,20813,2015
0.75,0.285714286,20235,2016
0.642857143,0.75,12973,2016
0.875,0.6,13438,2016
0.166666667,0.75,21272,2016
0.5,0.6,20941,2016
0.5625,0.888888889,19862,2016
0.75,0.857142857,20866,2016
1,0.285714286,13385,2016
0.8,0.522727273,20504,2016
0.529411765,0.5,19649,2016
0.4,0.818181818,20628,2016
0.625,0.545454545,21578,2016
0.8,0.857142857,20867,2016
0.5,0.5,19706,2016
0.5,0.45,20295,2016
1,0.75,20873,2016
0.454545455,1,21023,2016
0.75,0.666666667,20061,2016
1,0.4375,11020,2016
0.125,0.5,20060,2016
1,1,20634,2016
0.882352941,0.566666667,20920,2016
0.5,0.475,20950,2016
0.454545455,0.375,19537,2016
0.5,0.393939394,21003,2016
1,0.875,20734,2016
0.470588235,0.428571429,12003,2016
1,0.6,20940,2016
0.636363636,0.6,20942,2016
0.666666667,0.333333333,20835,2016
0.5,0.8,21006,2016
0.583333333,0.4,20729,2016
0.333333333,0.330357143,20944,2016
0.5,1,20635,2016
0.714285714,0.666666667,19766,2016
0.6,0.5,21155,2016
0,0.5,20297,2016
0.818181818,0.75,19719,2016
0.785714286,0.723214286,20191,2016
0.461538462,0.714285714,20995,2016
0.785714286,1,20632,2016
0.875,1,12236,2016
0.666666667,0.4,20865,2016
0.666666667,0.571428571,21294,2016
0.25,0.71875,21046,2016
0.5,0.472727273,20062,2016
0.6,0.675,21007,2016
0.666666667,0.571428571,20193,2016
1,0.714285714,20997,2016
1,0.75,20732,2016
1,0.875,20081,2016
0,0,20537,2017
0.125,0.5,11976,2017
0.444444444,0.666666667,12012,2017
0.8,0.682692308,21003,2017
0.8,0.375,22194,2017
0.5,1,20632,2017
0.666666667,0.285714286,20804,2017
0.642857143,0.214285714,20732,2017
0.555555556,0,19561,2017
0.75,0.666666667,20867,2017
1,0.75,20914,2017
1,1,20835,2017
0.6,0.2,21007,2017
0,0.25,20873,2017
1,0.857142857,20634,2017
0.5,0.090909091,23023,2018
0.230769231,0.307692308,19583,2018
0.285714286,0,22987,2018
0.833333333,0.666666667,20353,2018
0.25,0.1,22978,2018
0,0,22652,2018
0,0.666666667,23128,2018
0,0,20945,2019
0,0,22278,2019
0.5,0,22994,2019
0,0,23466,2019
0,0.111111111,23572,2019
0,0,22373,2019
0,0,22640,2019
0,0,21007,2019
0,0,23027,2019
0,0,23378,2019
0,0,22236,2019
0,0.666666667,24553,2020
1,0.666666667,24551,2020
1,0.333333333,24317,2020
0.5,0.2,24577,2020
0,0.2,24506,2020
0.2,0,24268,2020
0.428571429,0,24583,2021
0,0,25015,2021
0,0.25,24902,2021
0.333333333,0.083333333,25290,2022
0.25,0.857142857,25737,2023
0.5,0,25837,2023
0.5,0.9,25245,2023
0.75,0.857142857,25736,2023
0.6,0.222222222,25838,2024
0.25,0.384615385,100018,2024
0.8,0.333333333,25737,2024
1,0.294117647,100079,2024
0.666666667,0.222222222,25837,2024
0.2,0.777777778,100222,2024
0,0.230769231,25902,2024
0.833333333,0.333333333,25736,2024
0.444444444,0.230769231,25899,2024
0,0.2,100052,2024
0,0.333333333,25605,2024
0.545454545,0.333333333,25604,2024
0,0.222222222,25835,2024
0.333333333,0,26017,2024
0.4,0,1328,1992
0,0,1591,1992
0,0,1617,1992
0,0,1620,1992
0,0,1621,1992
0,0,1637,1992
0.166666667,0,1727,1992
0.5,0,2453,1992
0.461538462,0.25,2467,1994
0.666666667,0,2469,1994
0.666666667,0,2533,1992
0.75,0.25,2693,1994
0.333333333,0,2787,1994
1,0.25,2966,1994
0.2,0,3168,1992
0.714285714,0.714285714,3211,1996
0.111111111,0.714285714,3244,1996
0.333333333,0,3526,1995
0.75,0.470588235,3721,1996
0.25,0.090909091,4078,1996
0.4,0.333333333,4235,1996
0,0.526315789,4235,1997
0,0,4316,1995
0.181818182,0,4325,1995
1,0.333333333,4452,1994
0,0.25,4603,1995
0.090909091,0.2,4603,1996
0.055555556,0.181818182,4603,1997
0.1,0.285714286,4792,2000
0.105263158,0.25,4842,2000
1,0.166666667,4878,1999
1,0.923076923,4902,1999
0.038461538,0.095238095,4909,2000
0.5,0.555555556,4912,1994
0.055555556,0.214285714,4916,2000
1,0.166666667,4919,1999
0.2,0,5187,2000
0.85,0.25,5252,2001
0.19047619,0.166666667,5360,2000
0.923076923,0.166666667,5378,1999
0.166666667,0.066666667,5724,2001
0.5,0,5724,2002
0.285714286,0,5724,2003
0.526315789,0.25,5763,2000
0.75,0.5625,6166,1999
0.2,0.055555556,6170,2003
0.166666667,0,6338,2003
0.875,0.090909091,7247,2001
0,0,10046,2011
0.333333333,0.483333333,10135,2008
0.833333333,0.333333333,10141,2008
0.666666667,0.454545455,10185,2008
0.307692308,0.25,10271,2008
0.157894737,0.3,10342,2008
0.5,0.291666667,10377,2008
0.5,0.5,12012,2016
1,0.333333333,12210,2015
0.636363636,0.75,12462,2011
0.833333333,0,12827,2011
0.470588235,0.2,13012,2014
1,1,13466,2016
0.75,1,19654,2015
1,0,19655,2014
0.5,0.428571429,20341,2016
0.888888889,0.5,20570,2016
0.7,0.954545455,20778,2015
0.555555556,1,20866,2015
0.5,0.675,20871,2015
1,0.75,20914,2016
0.666666667,0.916666667,20919,2015
0.75,0.566666667,20919,2016
1,0.916666667,20921,2015
0.5,0.566666667,20921,2016
0.615384615,0.916666667,20923,2015
0.666666667,0.333333333,21247,2015
0.333333333,0.5,5503,2000
0,0.230769231,6343,2003
0.416666667,0.181818182,6346,2005
0,0,6347,2003
0.142857143,0,6347,2004
0.333333333,0.333333333,8496,2008
0.583333333,0.5,13010,2013
0.727272727,0.469230769,11002,2013
0.615384615,0.8,12973,2013
0.461538462,0.777777778,13084,2013
0.444444444,0.5,11017,2013
0.2,0,11952,2013
0.363636364,0.590909091,13097,2013
0.545454545,0.325,13466,2013
0.25,0,11953,2013
0.083333333,0,11722,2013
0.166666667,0.833333333,12137,2013
0.9,0.866666667,13412,2013
0.25,0.166666667,12576,2013
0,0.666666667,13130,2013
0.2,0.25,12136,2013
0.181818182,0.666666667,12524,2013
0.416666667,0.416666667,13185,2013
0.6,0.153846154,11895,2013
0,0.785714286,13305,2013
0.333333333,0.75,12003,2013
0.461538462,0.5,11220,2013
0.75,0.807692308,13646,2013
0.333333333,0.666666667,13131,2013
0.5,0.230769231,12285,2013
1,0.625,13438,2013
0.2,0,1352,1992
0.363636364,0.25,2757,1993
0,0,2600,1993
0,0.090909091,2476,1993
0.666666667,0.125,1907,1993
0.8,0.857142857,3159,1993
0,0,2386,1993
0.25,0,2966,1993
0,0,1908,1993
1,0.857142857,5020,1993
1,0.777777778,1876,1993
0,0.666666667,2622,1993
1,0.25,2713,1993
0,0.2,1949,1993
0.615384615,0,4642,1994
0.25,0.846153846,2389,1994
0.5,0.4,2468,1994
0.454545455,0.333333333,2529,1994
1,0.4,2600,1994
1,0.666666667,2642,1994
0.75,0.4,3709,1994
0,0.846153846,5250,1994
0.666666667,0.846153846,4439,1994
0,0.6,1999,1994
0,0.285714286,2009,1994
0.5,0.3,2337,1994
0.333333333,0.235294118,2491,1994
0.666666667,0.555555556,3116,1994
0.6,0.555555556,4465,1994
0.555555556,0.625,2622,1994
0.333333333,0.285714286,2676,1994
0.857142857,0.5,3159,1994
0,0.454545455,1973,1994
0.2,0,4486,1994
0.5,0.555555556,4704,1994
0.5,0.727272727,1979,1994
0.428571429,0.235294118,3811,1994
0.6,0.833333333,2368,1994
0,0.25,2484,1994
0.5,0,3443,1994
0.5,0.833333333,3700,1994
0.666666667,0.555555556,4558,1994
0.6,0.235294118,2386,1994
0.75,0.5,5241,1994
1,0.4,2059,1994
0.333333333,0.833333333,2284,1994
1,0.857142857,2324,1994
1,0.222222222,2982,1994
0.444444444,0.846153846,3335,1994
0.666666667,0.5,4370,1994
1,0,2421,1994
0.666666667,0.5,2503,1994
1,0.5,5020,1994
1,0.727272727,2486,1994
1,0.166666667,2370,1994
0.5,0.2,3212,1994
0.428571429,0,3405,1994
1,0.5,4272,1994
0.857142857,0.666666667,3423,1994
1,0.333333333,2906,1994
1,0.166666667,6230,1994
0.6,0.857142857,2677,1994
0.5,0.555555556,2423,1994
1,0.5,2438,1994
1,0.666666667,2489,1994
0,0.555555556,2357,1994
0.5,0.5,2439,1994
0.5,0.5,2440,1994
1,0.5,2358,1994
1,0,3783,1994
1,0.857142857,2343,1994
1,1,2492,1994
1,0.454545455,2373,1994
1,0.555555556,2471,1994
1,0.857142857,2400,1994
1,0.625,4428,1994
1,1,2444,1994
0,0,2982,1995
0,0,2622,1995
0.333333333,0,3159,1995
0.25,0,2529,1995
0.25,0,4452,1995
0,0,4272,1995
0.4,0,4428,1995
0.25,0,6230,1995
0.2,0,2676,1995
0,0,3212,1995
0.333333333,0,5020,1995
0,0,5241,1995
0.2,0.333333333,2677,1995
0,0.5,3700,1995
0.166666667,0,4370,1995
0,0.333333333,3222,1995
0,0,4091,1995
0.5,0.333333333,3014,1995
0.666666667,0.125,4382,1995
0.5,0,3423,1995
0,0,3721,1995
0,0,2906,1995
0,0,4901,1995
0,0,2763,1995
0,0.285714286,2764,1995
0,0.285714286,3510,1995
0,0,4453,1995
0,0,4467,1995
1,0.333333333,4705,1995
0.4,0.666666667,4573,1996
0.785714286,0.619047619,4996,1996
0.636363636,0.230769231,4227,1996
0.785714286,0.375,3491,1996
0.222222222,0.5,3660,1996
0.5,0.583333333,4640,1996
0.375,0.458333333,4187,1996
0.285714286,0,6230,1996
0.285714286,0.375,3703,1996
0.333333333,0.5,4430,1996
0.416666667,0.315789474,4091,1996
0.125,0.285714286,3103,1996
0.7,0.571428571,4429,1996
0.777777778,0.375,4735,1996
0.5,0.444444444,2858,1996
1,0.230769231,3598,1996
0.5,0.315789474,4607,1996
0.583333333,0.6,4154,1996
0.454545455,0.458333333,4428,1996
1,0.375,4296,1996
1,0.571428571,4705,1996
0,0.538461538,5317,1996
1,0.666666667,5350,1996
0,0.8,3014,1996
0,0.8,3042,1996
0,0.538461538,3248,1996
1,0.666666667,3065,1996
0,0.5,3133,1996
0,0.5,3216,1996
0.666666667,0.454545455,3927,1996
0,0.285714286,4712,1996
0,0,4776,1996
1,0.538461538,3510,1996
0,0.583333333,4440,1996
1,0.285714286,3213,1996
1,0.571428571,3304,1996
1,0.571428571,4810,1996
1,0.666666667,4476,1996
0.571428571,0.055555556,4078,1997
0.333333333,0.5,3522,1997
0.111111111,0,3660,1997
0.5,0.125,4091,1997
0,0.714285714,4476,1997
1,0.333333333,4640,1997
0.705882353,0.857142857,4154,1997
0.588235294,0.666666667,4430,1997
0,0.818181818,4608,1997
0.533333333,0.538461538,4187,1997
0.733333333,0.588235294,4735,1997
0.666666667,0.555555556,4810,1997
0.777777778,0.636363636,3927,1997
0.608695652,0.818181818,4227,1997
1,0,4712,1997
0.714285714,0.857142857,4453,1997
1,0.25,5527,1997
1,0.588235294,4296,1997
0.416666667,0.5,4996,1997
0,0.076923077,6230,1997
0.25,0.1,3721,1997
0.636363636,0.538461538,4428,1997
0.25,0.076923077,4776,1997
0.714285714,0.538461538,4826,1997
1,0.333333333,3283,1997
1,0.818181818,4549,1997
0,0.25,4610,1997
0.5,0.818181818,4950,1997
0.444444444,0.125,4607,1997
0,0.444444444,5317,1997
1,0.333333333,5500,1997
0.666666667,0.5,4819,1997
1,0.625,5501,1997
0.6,0.444444444,3769,1997
1,0.444444444,3510,1997
0.5,0.818181818,4562,1997
0.5,0.625,4417,1997
0,0.181818182,4878,1997
0,0.4,5049,1997
1,0.25,3536,1997
0.5,0.5,5562,1997
0,0.5,5857,1997
0.5,0.25,4842,1997
0,0.055555556,3675,1997
0,0.526315789,3477,1997
0.5,1,3672,1997
1,0.588235294,4682,1997
1,0.5,3567,1997
1,0,3789,1997
1,0.181818182,5378,1997
0,0.055555556,5517,1997
1,0.625,4714,1997
0,0.157894737,4535,1997
1,0.4,3598,1997
0.333333333,0.375,3927,1998
0.583333333,0.285714286,4842,1998
0.454545455,0.25,4925,1998
0.571428571,0.642857143,5350,1998
1,0.266666667,4417,1998
0.5,0.428571429,4535,1998
1,0.6875,4682,1998
0,0.266666667,4714,1998
0.470588235,0.333333333,5348,1998
0.227272727,0.4375,4235,1998
0.363636364,0.238095238,4603,1998
0,0.238095238,4878,1998
0.409090909,0.238095238,5378,1998
0.285714286,0.5,3606,1998
0.4375,0.4375,3700,1998
0.35,0.55,3769,1998
0.375,0.111111111,4430,1998
0.545454545,1,4453,1998
0.230769231,0.333333333,4582,1998
0.368421053,0.85,3899,1998
0.214285714,0.285714286,4076,1998
0.615384615,1,4154,1998
0.647058824,0.4375,4227,1998
0.666666667,0.4375,4608,1998
0.7,0.6875,4735,1998
0.5,0.4375,4950,1998
0.2,0.111111111,5418,1998
0.3125,0.235294118,3721,1998
0.333333333,0.19047619,4255,1998
0.85,0.722222222,4640,1998
0.4,0.375,3642,1998
0.285714286,0.6,4697,1998
0.705882353,0.666666667,4810,1998
1,0.266666667,5501,1998
0,0.333333333,5857,1998
0,0.55,3510,1998
0.5,0.4375,4549,1998
0.5,0.4375,4562,1998
1,0.111111111,3536,1998
0.333333333,0.235294118,5562,1998
0.25,0.263157895,4386,1998
0.416666667,0.19047619,5049,1998
0.666666667,0.333333333,5898,1998
0,0,4881,1998
0.333333333,0.692307692,4792,1998
0.5,0.642857143,4476,1998
0.4,0.833333333,3672,1998
0.777777778,0.375,3789,1998
0.666666667,0.428571429,4400,1998
0.6,0.125,4851,1998
0.333333333,0.7,6041,1998
1,0.642857143,4770,1998
1,0.666666667,5231,1998
0.666666667,0.4,4572,1998
1,0.3125,5125,1998
0.5,0.375,4712,1998
1,0.55,6035,1998
0.666666667,0.3125,4357,1998
1,0.3125,4903,1998
1,0.642857143,4149,1998
0.5,0.238095238,4595,1998
1,0.363636364,4787,1998
0,0.363636364,6166,1998
1,0.409090909,4435,1998
1,0.333333333,5857,1998
1,0.6875,4296,1998
1,0.4375,4817,1998
1,0.428571429,5496,1998
1,0.722222222,5500,1998
1,0.5,6050,1998
1,0.157894737,4538,1998
1,1,4125,1998
1,0.7,5251,1998
0.2,0.5625,4078,1999
0.4,0.384615385,4538,1999
0.642857143,0.166666667,4595,1999
0.571428571,0.2,4620,1999
0.6,0.705882353,5503,1999
0.4375,0.933333333,5562,1999
0.823529412,1,4735,1999
0.681818182,0.230769231,4842,1999
0.714285714,0.833333333,4133,1999
0.571428571,1,4682,1999
0.333333333,0.692307692,4909,1999
0.333333333,1,5187,1999
0.176470588,0.090909091,5348,1999
0.611111111,0.833333333,5674,1999
0.6,0.230769231,5763,1999
1,0.666666667,5866,1999
0.6,0.181818182,5879,1999
0.428571429,0.714285714,4149,1999
0.8125,0.2,4884,1999
1,0.823529412,6041,1999
0.818181818,0.384615385,5247,1999
0.8,0.666666667,4453,1999
0.8,1,5152,1999
0.533333333,0.8,5176,1999
0.272727273,0.285714286,5496,1999
0.823529412,0.866666667,4572,1999
0.571428571,0.416666667,4670,1999
0.5625,0.166666667,4603,1999
0.666666667,0.076923077,4899,1999
0.588235294,0.666666667,5586,1999
0.75,0.5625,4787,1999
0.3,0.5625,5199,1999
0.8,0.764705882,6050,1999
0.444444444,0.25,4167,1999
0.6,1,4542,1999
0.666666667,0.285714286,4895,1999
0.9375,0.823529412,4898,1999
0.166666667,0.285714286,5166,1999
0.636363636,0.666666667,5360,1999
0.6,0.4,5808,1999
0.333333333,0.5,5852,1999
0.769230769,0.625,4616,1999
0.6875,0.714285714,4476,1999
0.733333333,0.2,5682,1999
0.875,0.666666667,4597,1999
0.714285714,0.764705882,5696,1999
0.909090909,1,5526,1999
0.461538462,0.416666667,5561,1999
0.25,0.181818182,5748,1999
0.909090909,0.076923077,5264,1999
0.25,0.5,4760,1999
0.5,0.285714286,4535,1999
0.230769231,0.222222222,4697,1999
0.3,0.571428571,4284,1999
0.583333333,0.625,4896,1999
1,0.714285714,5350,1999
0.5,0.857142857,5472,1999
1,0.666666667,4125,1999
0.235294118,0.571428571,4466,1999
0.909090909,0.571428571,5513,1999
1,0.375,6035,1999
0,0.375,4921,1999
1,1,4974,1999
0.666666667,0.476190476,5133,1999
0.411764706,0.090909091,5544,1999
1,0.666666667,5575,1999
1,0.666666667,4925,1999
0.333333333,0.571428571,4712,1999
0.75,0.25,5231,1999
1,0.2,4451,1999
1,0.941176471,5168,1999
0.727272727,0.5625,5190,1999
1,1,5857,1999
1,0.823529412,5251,1999
1,0.714285714,4770,1999
0.75,0.666666667,4752,1999
0.6,0.476190476,4822,1999
0.6,0.416666667,5895,1999
0.666666667,0.4,4539,1999
0.75,0.375,5196,1999
1,0.666666667,4154,1999
0,0.333333333,4162,1999
0.75,1,4536,1999
0,0.923076923,4435,1999
1,0.166666667,6056,1999
0.75,0.666666667,4372,1999
1,0.076923077,4376,1999
1,0.764705882,4834,1999
0.8,0.5,5627,1999
1,0.076923077,6508,1999
1,0.230769231,5882,1999
0.75,1,4353,1999
0.5,0.705882353,4775,1999
0.5,1,4833,1999
0,0.875,4115,1999
1,0.5,4438,1999
1,0.882352941,4876,1999
1,0.666666667,4766,1999
1,1,4306,1999
0.75,0.307692308,4437,1999
0.5,1,4537,1999
1,0.384615385,6063,1999
0,0.181818182,4698,1999
0.75,0.375,5317,1999
0.333333333,0.692307692,4976,1999
1,0.52,7166,1999
0.5,0.8,5175,1999
1,0.090909091,5159,1999
0.428571429,0.428571429,4420,1999
0.666666667,0.5,4464,1999
0.111111111,0.5,4879,1999
0.5,0.875,4480,1999
0.666666667,0.52,4838,1999
1,0.666666667,4447,1999
1,0.733333333,4554,1999
1,0.4,6072,1999
1,0.933333333,5454,1999
0.5,0.476190476,4792,1999
1,0.823529412,4907,1999
1,0.5,4918,1999
1,1,5898,1999
1,0.823529412,5715,1999
0,0.214285714,5562,2000
0.230769231,0.111111111,5674,2000
0.5,0,4698,2000
0,0.285714286,4822,2000
0.526315789,0.142857143,4898,2000
0.538461538,0.444444444,5526,2000
0.142857143,0.142857143,4735,2000
0.153846154,0.142857143,6041,2000
0,0.5,4793,2000
0.833333333,0.142857143,4907,2000
0.3,0,4760,2000
0.0625,0.214285714,5258,2000
0,0.214285714,6071,2000
0.571428571,0,5898,2000
0.125,0.142857143,4682,2000
0.666666667,0.1,5627,2000
0.75,0.2,5252,2000
0.25,0.333333333,5995,2000
0.08,0.214285714,5454,2000
0.125,0.142857143,5715,2000
0.5,0.333333333,6069,2000
0.5,0.142857143,5152,2000
0.111111111,0,5748,2000
0.090909091,0,4879,2000
0.5,0.111111111,5807,2000
0.666666667,0.071428571,4902,2000
0.666666667,0,5857,2000
1,0.1,4838,2000
0.6,0.142857143,5251,2000
1,0.166666667,5866,2000
0.666666667,0.25,5882,2000
0.25,0.285714286,5133,2000
0,0,5852,2000
0.333333333,0.095238095,4976,2000
0,0.166666667,5575,2000
0.75,0.1,7166,2000
0,0.066666667,6510,2000
0.5,0.066666667,6348,2000
1,0.153846154,4904,2000
0.5,0,5879,2000
0.5,0.076923077,5355,2000
1,0.086956522,7247,2000
0,0.0625,4905,2000
1,0.111111111,5012,2000
0.1,0.368421053,5239,2001
0.066666667,0.125,5764,2001
0.6,0,5807,2001
0.5,0.333333333,5102,2001
0.666666667,0.111111111,5152,2001
0.333333333,0,5186,2001
0.5,0,5050,2001
0.666666667,0,7166,2001
1,0.5,5503,2001
0.5,0,5151,2001
1,0,5751,2001
0,0,7609,2001
1,0.166666667,5268,2001
1,0.538461538,5147,2001
1,0,5626,2001
0,0,5515,2001
1,0,5226,2001
0.5,0,5141,2001
1,0,5128,2001
1,0,5158,2001
1,0.090909091,5254,2001
0,0.285714286,5157,2001
1,0.1,5165,2001
1,0.85,5143,2001
0.5,0.052631579,5148,2001
0.333333333,0,5183,2001
1,0.133333333,5154,2001
1,0.166666667,5616,2001
0.272727273,0,5750,2002
0.428571429,0.6,5764,2002
0.666666667,0,5515,2002
0.75,0,7166,2002
0.5,0,5626,2002
0.5,0.166666667,7609,2002
1,0.5625,5583,2002
1,0.625,5616,2002
0,0.25,5576,2002
1,0.555555556,5423,2002
1,0.6,6362,2002
0.2,0,6347,2002
1,0.6,5593,2002
0.333333333,0.375,6052,2002
0,0,5490,2002
0.333333333,0.625,5774,2002
0.8,0.5,6272,2002
0.666666667,0.166666667,5775,2002
1,0.090909091,5478,2002
0,0,5470,2002
1,0.166666667,5986,2002
0.333333333,0.5,5924,2002
0,0.333333333,7553,2002
0,0.25,7115,2002
0.461538462,0.1,6362,2003
0.571428571,0.230769231,6055,2003
0,0,6501,2003
0.333333333,0,7115,2003
0.75,0,5952,2003
0.166666667,0.2,7827,2003
0.4,0,5902,2003
0.25,0,7575,2003
0.666666667,0,5838,2003
0.333333333,0.183333333,7926,2003
0,0,6383,2003
0,0,6383,2003
0.25,0.28125,5837,2003
1,0.333333333,10296,2003
1,0.5,6002,2003
1,0.62745098,5849,2003
1,0,7553,2003
1,0.3,6046,2003
1,0.083333333,5919,2003
1,0.5,7022,2003
1,0.263157895,6868,2003
0.5,0.583333333,6935,2004
0.230769231,1,6500,2004
0,0.222222222,7387,2004
0.2,0.222222222,6953,2004
0.083333333,0.181818182,6383,2004
0.333333333,0,5908,2004
0.333333333,0,6170,2004
0,0.230769231,7926,2004
0.333333333,0.333333333,7022,2004
1,0.4,6086,2004
0.333333333,0.222222222,8398,2004
0.333333333,0.282051282,6087,2004
1,0.7,6116,2004
1,0.571428571,6163,2004
1,0,6117,2004
0.5,0.166666667,7312,2004
1,0.625,6391,2004
0,0,6090,2004
0.083333333,0.181818182,6760,2005
0,0,6953,2005
0.222222222,0,7312,2005
0.125,0.136363636,8398,2005
0,0.3,6358,2005
0,0.5,6391,2005
0,0,6935,2005
0,0.3,6271,2005
0.111111111,0.2,7451,2005
0,0.6,8727,2005
0.428571429,0,7025,2005
0.444444444,0,7307,2005
0.5,0.2,6347,2005
0,0,7387,2005
0.666666667,0.25,8443,2005
0.181818182,0.142857143,7148,2005
0,0.5,7833,2005
0.666666667,0.142857143,6553,2005
0.25,0.181818182,6517,2005
0.333333333,0,6528,2005
0.333333333,0.285714286,7135,2005
1,0,8572,2005
0.5,0,10131,2005
0,0.285714286,7088,2005
0,0.2,6522,2005
0.5,0,7291,2005
0.5,0.125,7437,2006
0.545454545,0.5,6942,2006
0.909090909,0.5,10137,2006
0,0.416666667,6991,2006
0.666666667,0.416666667,7118,2006
0.555555556,0.285714286,7704,2006
0.333333333,0.714285714,7106,2006
0.5,0.416666667,7201,2006
0.333333333,0.416666667,8745,2006
0.181818182,0.285714286,7136,2006
1,0.333333333,7657,2006
0.5,0.5,8572,2006
0.416666667,0,7055,2006
1,0.333333333,10136,2006
0.2,0.416666667,7390,2006
0.727272727,0.125,8733,2006
1,0.666666667,6551,2006
0,0.285714286,10139,2006
0.666666667,1,7838,2006
0.285714286,0.5,7193,2006
0.222222222,0.142857143,7089,2006
1,0.333333333,6799,2006
1,0.5,10185,2006
1,0.708333333,7112,2006
1,0.727272727,10317,2006
0,0.333333333,6916,2006
1,0.7,7127,2006
1,0.909090909,8297,2006
1,0.625,7109,2006
1,0.541666667,7837,2006
0,0.5,7134,2006
1,0.222222222,7124,2006
1,0.611111111,10184,2006
1,0.583333333,7133,2006
0,0,8593,2006
1,1,7376,2006
0,0,7838,2007
0.090909091,0.3,10140,2007
0.076923077,0.157051282,10318,2007
0.545454545,0.333333333,10137,2007
0,0,10184,2007
0.166666667,0.183333333,7837,2007
0.083333333,0.117647059,10121,2007
0,0.25,10134,2007
0.4,0.545454545,8297,2007
0,0.2,7836,2007
0,0.2,7831,2007
0.1,0.333333333,8572,2007
0.5,0.117647059,7365,2007
0.2,0.25,8398,2007
1,0.230769231,7644,2007
1,0.6,7392,2007
0,0.166666667,7390,2007
1,0.666666667,10212,2007
0.222222222,0.25,10240,2007
0.5,0.2,10135,2007
0.5,0.295454545,10377,2007
0.333333333,0.055555556,10411,2007
0.4,0,7861,2007
0,0,7788,2007
0.5,0.5,7848,2007
0,0,10572,2007
0,0.117647059,10408,2007
0.333333333,0.538461538,8297,2008
0,0,10184,2008
0.166666667,0.416666667,8404,2008
0.285714286,0.416666667,10638,2008
0.461538462,0.3,7831,2008
0.428571429,0.454545455,10343,2008
0.214285714,0.076923077,13667,2008
0,0.333333333,10410,2008
0.083333333,0.333333333,10411,2008
0.416666667,0.3,8644,2008
0.083333333,0.260989011,10318,2008
0.125,0.3,10341,2008
0.6,0.25,10240,2008
0,0.171794872,10391,2008
0.333333333,0.333333333,10642,2008
0,0.076923077,10375,2008
0.066666667,0,10408,2008
0.222222222,0.333333333,10191,2008
0,0.083333333,10050,2008
0.333333333,1,8597,2008
0.3,0.333333333,8398,2008
0.153846154,0.333333333,10134,2008
0.142857143,0.090909091,8385,2008
0.2,0.125,10325,2008
0.076923077,0.266666667,8572,2008
0.538461538,0.266666667,10137,2008
0.166666667,1,10212,2008
0.222222222,0,10285,2008
0.333333333,0.2,10369,2008
0.444444444,0.125,10405,2008
1,0.071428571,10136,2008
1,0.166666667,16199,2008
0.583333333,0.066666667,10370,2008
0.75,0.166666667,10572,2008
0.333333333,0.333333333,8714,2008
0.166666667,0.333333333,10133,2008
0.25,0.166666667,8413,2008
0.5,0.125,13664,2008
0,0.3,10747,2008
0.5,0.095833333,10451,2008
1,0.466666667,11203,2008
0.5,0.267857143,8687,2008
1,0.333333333,11201,2008
1,0.125,8587,2008
1,0.538461538,11171,2008
1,0.125,10404,2008
1,0.192307692,8722,2008
1,0.153846154,8696,2008
1,0.153846154,11177,2008
0,0.153846154,8713,2008
0.285714286,0.166666667,10050,2009
0.2,0.285714286,11203,2009
0.428571429,0.142857143,11201,2009
0.166666667,0.117647059,10461,2009
1,0.111111111,10854,2009
1,0.3,11319,2009
0,0,10871,2010
1,0,12565,2010
1,0,11808,2010
1,0,11625,2010
0.625,0,11343,2011
1,0.428571429,12523,2011
0.5,0.75,11619,2011
0.111111111,0.071428571,11775,2011
0.6,0.428571429,11881,2011
0.5,0,11344,2011
0,1,11952,2011
0,0.25,12447,2011
0.4,0.214285714,12524,2011
0,0,12305,2011
0.8,0.576923077,13039,2011
0,0.5,12446,2011
0.111111111,0.071428571,10042,2011
0,1,12003,2011
0.333333333,0.25,12448,2011
0.3,0.576923077,12422,2011
0.545454545,0.566666667,11220,2011
0,0.133333333,11225,2011
0.2,0,11997,2011
0,0.111111111,12491,2011
0,0.666666667,11319,2011
0,0,12202,2011
0,0,12495,2011
0.2,0.25,12303,2011
0.166666667,0,12513,2011
0.333333333,0.5,11895,2011
0,1,11953,2011
0.5,0.666666667,12629,2011
0.25,0.076923077,12824,2011
0.666666667,0.111111111,12492,2011
0.888888889,0.75,13092,2011
1,0,11625,2011
1,0.576923077,12423,2011
1,0.375,12706,2011
0,0.428571429,12526,2011
1,0.875,10037,2011
1,0,13126,2011
1,0.625,12974,2011
1,0.25,12445,2011
0,0.25,10993,2011
0,0.5,10995,2011
0,0.6,12973,2011
1,0.071428571,13048,2011
1,0.5,12703,2011
1,0.375,12704,2011
0,0,12830,2011
0.636363636,0,13000,2012
0,0.333333333,13126,2012
0.4,0.4375,12825,2012
0.833333333,0.5,13019,2012
0.25,1,12137,2012
0.285714286,1,12623,2012
0.333333333,0.5,12629,2012
0.333333333,0.75,12012,2012
0,0,12705,2012
0.333333333,0.058823529,10042,2012
0.142857143,0.333333333,13093,2012
1,0.181818182,13010,2012
0.2,0.535714286,11953,2012
0.111111111,0,12303,2012
0.142857143,0.058823529,13048,2012
0.666666667,0,12445,2012
0.333333333,0.229166667,13039,2012
0,0.333333333,12522,2012
0.428571429,1,12190,2012
1,0,12363,2012
0.666666667,1,10037,2012
0.666666667,0.333333333,12523,2012
0.5,0.522727273,11002,2012
0.5,0.333333333,13130,2012
0.5,0,12706,2012
1,0.714285714,12908,2012
0.333333333,0.058823529,12576,2012
0.25,0.4,13305,2012
0.5,0.404761905,10049,2012
1,0.181818182,13012,2012
0,0.526315789,13397,2012
0,0.071428571,13385,2012
0.111111111,0.5,12285,2014
0.916666667,0.571428571,12166,2014
0,0.083333333,13097,2014
0.222222222,0.428571429,19846,2014
0.5,0.666666667,12012,2014
0.076923077,0.285714286,19707,2014
0.4,0.5,19740,2014
0.1,0.5,19764,2014
1,0.272727273,19599,2014
1,0.8,19862,2014
0.4,0.5,21223,2015
0.727272727,0.666666667,13012,2015
0.6,1,20865,2015
0.666666667,1,13134,2015
0.75,0.666666667,20954,2015
0.666666667,0.666666667,20777,2015
0.5,0.75,21052,2015
0.5,0.5,21052,2015
1,0.75,20732,2015
0.666666667,0.833333333,20939,2015
0.666666667,0.69047619,20812,2015
0.75,1,20857,2015
0.416666667,0.9,20917,2015
0.2,0.333333333,21159,2015
1,1,20904,2015
1,1,12012,2015
0.571428571,0.4,19599,2015
1,0.95,20191,2015
0.75,1,20635,2015
0.666666667,0.75,20734,2015
0.5,0.75,21007,2015
1,1,21062,2015
0.8,1,21257,2015
1,0.333333333,20686,2015
0.857142857,0.675,20873,2015
1,0.9,20190,2015
0.5,0.9,20193,2015
1,0.75,21046,2015
0.6,0.75,21048,2015
0.5,0.7,20997,2015
1,0.875,20538,2015
1,0.8,21155,2015
0.666666667,0.3,20297,2015
1,0.333333333,20835,2015
0.285714286,1,19713,2015
0.5,0.666666667,20080,2015
1,0.5,21006,2015
1,1,20061,2015
1,0.611111111,20062,2015
0.5,0.65,20295,2015
1,0.666666667,20081,2015
0.857142857,1,12973,2015
0.5,0.5,20423,2015
0.857142857,0.785714286,21003,2015
0.5,0.666666667,20077,2015
0.5,0.6625,20805,2015
0.75,0.125,19832,2015
0.5,0.928571429,20353,2015
1,0.9,20916,2015
0.6,0.95,20950,2015
0.75,0.333333333,21023,2015
1,0.5,20944,2015
1,0.833333333,20940,2015
0.857142857,0.75,20993,2015
1,0.333333333,20341,2015
1,0.833333333,20941,2015
0.8,0.95,20952,2015
1,0.714285714,21097,2015
0.666666667,0.5,21222,2015
1,0.625,20804,2015
1,0.444444444,20064,2015
1,1,21265,2015
1,0.571428571,20812,2016
0.75,0.571428571,20813,2016
0,0.25,21097,2016
0.25,0.566666667,20923,2016
0.333333333,1,21058,2016
0.333333333,0.818181818,20904,2016
0.5,0.625,20883,2016
0.714285714,0.411764706,19599,2016
0.75,0.583333333,21031,2016
0.666666667,0.214285714,19832,2016
0.714285714,0.75,13179,2016
0.5,0.696428571,20353,2016
0.5,0.6,20939,2016
0,0.2,20423,2016
0,0.545454545,20064,2016
0,0.330357143,20945,2016
0.571428571,0.428571429,11976,2016
1,0.714285714,21247,2016
0.833333333,0.714285714,20525,2016
1,0.875,20778,2016
1,0.875,19654,2016
0.5,0.475,20952,2016
0.285714286,0.6,21006,2017
0.8,0.5,20341,2017
0.142857143,0,19742,2017
0.714285714,0.5,20686,2017
0.307692308,0.666666667,20921,2017
1,0.428571429,22221,2017
1,0.4,20940,2017
0.5,0.9,22953,2017
1,0.153846154,22640,2017
0,0.214285714,23054,2017
1,0.454545455,23026,2017
1,0.625,23086,2017
0.1,0.25,20686,2018
0.5,0.666666667,20914,2018
0.222222222,0.454545455,22278,2018
0.666666667,0.230769231,22758,2018
1,0.666666667,20916,2018
0.6,1,22781,2018
0.714285714,0.833333333,22865,2018
0.125,0.5,20537,2018
0,0.444444444,23456,2018
1,0.071428571,23565,2018
1,0.454545455,23419,2018
1,0.454545455,23418,2018
1,0,22236,2018
1,0.375,23532,2018
0.5,0.1,23378,2018
1,0.615384615,23466,2018
0,0,24010,2019
0.25,0.125,24245,2020
0.428571429,0.090909091,24661,2020
0,0.090909091,24659,2020
0.4,0,24609,2020
1,0,24850,2020
1,0,24975,2020
0,0.333333333,24317,2021
0.230769231,0.153846154,24661,2021
0,0.230769231,24940,2021
0,0.3,24850,2021
1,0.363636364,25290,2021
0.2,0,25015,2022
0.75,0.666666667,25604,2023
0.75,0,25838,2023
0.5,0.3,25794,2023
1,0.5,25884,2023
1,0,25835,2023
0.75,0.333333333,25884,2024
0.666666667,0.272727273,100170,2024
0.333333333,0.333333333,100040,2024